file_name,labels
u2892.mp3,1
u9241.mp3,1
u13392.mp3,1
u846.mp3,1
u13026.mp3,1
u17878.mp3,1
5939.mp3,1
u15970.mp3,1
u16970.mp3,1
u3814.mp3,1
u1515.mp3,1
u17262.mp3,1
411.mp3,1
u22813.mp3,1
u4738.mp3,1
u11700.mp3,1
17340.mp3,1
u7374.mp3,1
u9293.mp3,1
u4479.mp3,1
u9721.mp3,1
5487.mp3,1
u404.mp3,1
u8326.mp3,1
u17865.mp3,1
u17444.mp3,1
u5509.mp3,1
16730.mp3,1
u12448.mp3,1
u22641.mp3,1
u20046.mp3,1
u22976.mp3,1
u20033.mp3,1
u19799.mp3,1
u14049.mp3,1
u17570.mp3,1
u14802.mp3,1
u8186.mp3,1
u18077.mp3,1
u6815.mp3,1
u7113.mp3,1
u24778.mp3,1
u15435.mp3,1
u17632.mp3,1
12638.mp3,1
u10209.mp3,1
u10912.mp3,1
u7863.mp3,1
u14048.mp3,1
u7915.mp3,1
u14395.mp3,1
u11316.mp3,1
u7627.mp3,1
u18928.mp3,1
u17890.mp3,1
u4159.mp3,1
u7300.mp3,1
u12977.mp3,1
u3904.mp3,1
21943.mp3,1
u25160.mp3,1
u25019.mp3,1
u679.mp3,1
u19506.mp3,1
u38.mp3,1
u15427.mp3,1
u6356.mp3,1
u24431.mp3,1
7335.mp3,1
17565.mp3,1
u24865.mp3,1
u20207.mp3,1
u20517.mp3,1
u25375.mp3,1
903.mp3,1
15221.mp3,1
u3454.mp3,1
u7620.mp3,1
u14887.mp3,1
u1717.mp3,1
u21659.mp3,1
18926.mp3,1
u11291.mp3,1
u21322.mp3,1
u23895.mp3,1
u18757.mp3,1
u22550.mp3,1
u10408.mp3,1
u6639.mp3,1
u12238.mp3,1
u12170.mp3,1
17375.mp3,1
u19846.mp3,1
u12900.mp3,1
u16217.mp3,1
u10485.mp3,1
u9843.mp3,1
u16751.mp3,1
u21453.mp3,1
u23974.mp3,1
u4906.mp3,1
u5334.mp3,1
u7733.mp3,1
u9569.mp3,1
7702.mp3,1
u25515.mp3,1
2497.mp3,1
u18428.mp3,1
u8857.mp3,1
u18350.mp3,1
u12530.mp3,1
u20455.mp3,1
u3985.mp3,1
u20233.mp3,1
21553.mp3,1
u14812.mp3,1
u5646.mp3,1
u20885.mp3,1
u22749.mp3,1
u19817.mp3,1
u9520.mp3,1
u25131.mp3,1
u22999.mp3,1
u13419.mp3,1
u14975.mp3,1
u8037.mp3,1
u19440.mp3,1
u14859.mp3,1
u21287.mp3,1
21161.mp3,1
u17952.mp3,1
20628.mp3,1
u10866.mp3,1
2860.mp3,1
u1703.mp3,1
u17265.mp3,1
13115.mp3,1
u22699.mp3,1
7941.mp3,1
u11130.mp3,1
u13591.mp3,1
u19021.mp3,1
u17592.mp3,1
u4935.mp3,1
u4883.mp3,1
u8642.mp3,1
u2985.mp3,1
u22968.mp3,1
u5421.mp3,1
u24435.mp3,1
u17758.mp3,1
u20060.mp3,1
u16644.mp3,1
u23726.mp3,1
u6838.mp3,1
u14905.mp3,1
u23727.mp3,1
5675.mp3,1
u2689.mp3,1
u261.mp3,1
u351.mp3,1
5420.mp3,1
u14817.mp3,1
u14129.mp3,1
u3526.mp3,1
u1380.mp3,1
u12768.mp3,1
u22591.mp3,1
114.mp3,1
u19895.mp3,1
u20612.mp3,1
u19078.mp3,1
u12253.mp3,1
u3840.mp3,1
u19908.mp3,1
u3301.mp3,1
17994.mp3,1
u6470.mp3,1
u1949.mp3,1
u133.mp3,1
u9250.mp3,1
u16264.mp3,1
u25784.mp3,1
u15903.mp3,1
u24661.mp3,1
u12212.mp3,1
u11212.mp3,1
u1200.mp3,1
u20143.mp3,1
u24850.mp3,1
u18511.mp3,1
u3620.mp3,1
u18862.mp3,1
u2860.mp3,1
u20303.mp3,1
u13695.mp3,1
u5111.mp3,1
u18357.mp3,1
u19928.mp3,1
u17605.mp3,1
u11050.mp3,1
u2085.mp3,1
u297.mp3,1
u9833.mp3,1
u22837.mp3,1
14774.mp3,1
u11048.mp3,1
16383.mp3,1
u22450.mp3,1
u16435.mp3,1
u20731.mp3,1
u24264.mp3,1
u79.mp3,1
u5146.mp3,1
u15326.mp3,1
u3989.mp3,1
u19746.mp3,1
u13504.mp3,1
u4929.mp3,1
u17657.mp3,1
u2451.mp3,1
u9555.mp3,1
u25316.mp3,1
17751.mp3,1
u23499.mp3,1
u9274.mp3,1
u11876.mp3,1
15159.mp3,1
u19233.mp3,1
u17235.mp3,1
13841.mp3,1
u5990.mp3,1
u7340.mp3,1
u3560.mp3,1
u12524.mp3,1
u18059.mp3,1
u1867.mp3,1
u1292.mp3,1
u23464.mp3,1
u23854.mp3,1
u10517.mp3,1
u13156.mp3,1
u16027.mp3,1
u18463.mp3,1
u10392.mp3,1
u1352.mp3,1
u11042.mp3,1
u4980.mp3,1
u22310.mp3,1
1522.mp3,1
u16928.mp3,1
u3348.mp3,1
u3886.mp3,1
2730.mp3,1
u18167.mp3,1
11954.mp3,1
u15149.mp3,1
u21234.mp3,1
u24349.mp3,1
u21239.mp3,1
u25286.mp3,1
u15689.mp3,1
5227.mp3,1
u22767.mp3,1
u19069.mp3,1
u2312.mp3,1
3263.mp3,1
u118.mp3,1
2115.mp3,1
u1427.mp3,1
u18193.mp3,1
u11672.mp3,1
u19944.mp3,1
u16519.mp3,1
10838.mp3,1
u7331.mp3,1
u25534.mp3,1
u7478.mp3,1
7009.mp3,1
12387.mp3,1
u6796.mp3,1
u6334.mp3,1
u12005.mp3,1
u21143.mp3,1
u15234.mp3,1
u22740.mp3,1
u18170.mp3,1
u3052.mp3,1
u6810.mp3,1
u25106.mp3,1
1633.mp3,1
u6542.mp3,1
u12236.mp3,1
u9450.mp3,1
u19861.mp3,1
u13193.mp3,1
u25168.mp3,1
u8994.mp3,1
u23636.mp3,1
u12249.mp3,1
u9552.mp3,1
u5052.mp3,1
18060.mp3,1
u21042.mp3,1
12645.mp3,1
u20538.mp3,1
u15484.mp3,1
u11243.mp3,1
u4389.mp3,1
u3709.mp3,1
u21496.mp3,1
u22145.mp3,1
u12613.mp3,1
u9627.mp3,1
u16535.mp3,1
6641.mp3,1
u25674.mp3,1
u1625.mp3,1
1197.mp3,1
u7972.mp3,1
u4428.mp3,1
u17652.mp3,1
u15497.mp3,1
u18986.mp3,1
u6927.mp3,1
19085.mp3,1
u15668.mp3,1
u4623.mp3,1
u19728.mp3,1
u9975.mp3,1
u10405.mp3,1
u10868.mp3,1
u12898.mp3,1
u7432.mp3,1
u20427.mp3,1
u1354.mp3,1
u17078.mp3,1
u20467.mp3,1
u23244.mp3,1
u20118.mp3,1
u23933.mp3,1
u12599.mp3,1
u3149.mp3,1
u1178.mp3,1
u17963.mp3,1
u3.mp3,1
u10849.mp3,1
u186.mp3,1
u9737.mp3,1
18018.mp3,1
u1041.mp3,1
3691.mp3,1
u20852.mp3,1
u25568.mp3,1
u16739.mp3,1
u10562.mp3,1
u22667.mp3,1
u5270.mp3,1
u2035.mp3,1
u18598.mp3,1
u3232.mp3,1
u9102.mp3,1
u513.mp3,1
u7267.mp3,1
u15722.mp3,1
u11754.mp3,1
u16037.mp3,1
u3855.mp3,1
u20898.mp3,1
u10870.mp3,1
u23065.mp3,1
u2470.mp3,1
u2778.mp3,1
u13560.mp3,1
u5711.mp3,1
12154.mp3,2
6820.mp3,2
ou583.mp3,2
18853.mp3,2
13086.mp3,2
16112.mp3,2
8797.mp3,2
15443.mp3,2
17124.mp3,2
15905.mp3,2
16218.mp3,2
6092.mp3,2
15775.mp3,2
6364.mp3,2
ou2114.mp3,2
5487.mp3,2
ou3311.mp3,2
ou821.mp3,2
16947.mp3,2
20781.mp3,2
ou4432.mp3,2
18443.mp3,2
21876.mp3,2
14396.mp3,2
21604.mp3,2
6688.mp3,2
16158.mp3,2
19979.mp3,2
6003.mp3,2
15018.mp3,2
13256.mp3,2
ou1872.mp3,2
ou4151.mp3,2
6032.mp3,2
ou4236.mp3,2
7318.mp3,2
10201.mp3,2
ou842.mp3,2
ou4138.mp3,2
12891.mp3,2
11258.mp3,2
21191.mp3,2
17102.mp3,2
ou4075.mp3,2
15237.mp3,2
ou119.mp3,2
16454.mp3,2
15247.mp3,2
17420.mp3,2
ou2662.mp3,2
7236.mp3,2
18926.mp3,2
ou1525.mp3,2
20645.mp3,2
10188.mp3,2
17766.mp3,2
8025.mp3,2
6216.mp3,2
19179.mp3,2
10481.mp3,2
9571.mp3,2
6933.mp3,2
17375.mp3,2
8870.mp3,2
ou3214.mp3,2
13252.mp3,2
ou2473.mp3,2
ou4102.mp3,2
13476.mp3,2
19868.mp3,2
ou179.mp3,2
ou3851.mp3,2
ou4819.mp3,2
16671.mp3,2
20628.mp3,2
8168.mp3,2
ou4561.mp3,2
19695.mp3,2
8893.mp3,2
11281.mp3,2
19507.mp3,2
17991.mp3,2
21808.mp3,2
20969.mp3,2
ou844.mp3,2
9950.mp3,2
ou3272.mp3,2
ou1148.mp3,2
10407.mp3,2
15184.mp3,2
17780.mp3,2
ou1630.mp3,2
15981.mp3,2
18240.mp3,2
ou3989.mp3,2
6080.mp3,2
18633.mp3,2
14446.mp3,2
ou1326.mp3,2
7064.mp3,2
ou4401.mp3,2
22146.mp3,2
20317.mp3,2
7416.mp3,2
8396.mp3,2
13838.mp3,2
17130.mp3,2
15271.mp3,2
7524.mp3,2
8400.mp3,2
16371.mp3,2
ou383.mp3,2
13916.mp3,2
12388.mp3,2
ou3793.mp3,2
18281.mp3,2
22130.mp3,2
13803.mp3,2
16827.mp3,2
11839.mp3,2
17111.mp3,2
ou1026.mp3,2
19953.mp3,2
9995.mp3,2
17108.mp3,2
ou5313.mp3,2
18284.mp3,2
ou1949.mp3,2
20233.mp3,2
12462.mp3,2
15207.mp3,2
6833.mp3,2
6493.mp3,2
11597.mp3,2
20383.mp3,2
6540.mp3,2
ou1226.mp3,2
21408.mp3,2
6968.mp3,2
14683.mp3,2
18328.mp3,2
13130.mp3,2
10720.mp3,2
21703.mp3,2
ou2536.mp3,2
6511.mp3,2
19999.mp3,2
8916.mp3,2
13607.mp3,2
21007.mp3,2
20747.mp3,2
17055.mp3,2
12592.mp3,2
ou1229.mp3,2
16292.mp3,2
ou3414.mp3,2
18875.mp3,2
17531.mp3,2
12069.mp3,2
17409.mp3,2
7597.mp3,2
19827.mp3,2
14071.mp3,2
16502.mp3,2
9122.mp3,2
14938.mp3,2
15884.mp3,2
18032.mp3,2
14379.mp3,2
15295.mp3,2
7170.mp3,2
16344.mp3,2
19554.mp3,2
20327.mp3,2
9901.mp3,2
ou1214.mp3,2
ou5160.mp3,2
10449.mp3,2
ou1105.mp3,2
19413.mp3,2
10657.mp3,2
12120.mp3,2
5340.mp3,2
19311.mp3,2
22078.mp3,2
ou611.mp3,2
19650.mp3,2
18436.mp3,2
17446.mp3,2
18093.mp3,2
18506.mp3,2
8130.mp3,2
9321.mp3,2
20100.mp3,2
17155.mp3,2
9491.mp3,2
7885.mp3,2
10853.mp3,2
12289.mp3,2
21421.mp3,2
17819.mp3,2
10178.mp3,2
13015.mp3,2
9344.mp3,2
ou135.mp3,2
16996.mp3,2
16379.mp3,2
8823.mp3,2
14964.mp3,2
u324494.mp3,3
522.mp3,3
u974566.mp3,3
u967300.mp3,3
u681951.mp3,3
u1817867.mp3,3
u1734172.mp3,3
u1367672.mp3,3
u1903383.mp3,3
u1275155.mp3,3
u392570.mp3,3
u1716955.mp3,3
u1633917.mp3,3
u1591239.mp3,3
u1601500.mp3,3
u67334.mp3,3
u697747.mp3,3
18183.mp3,3
u975850.mp3,3
u1229309.mp3,3
u272171.mp3,3
u1435844.mp3,3
u1593086.mp3,3
u1970870.mp3,3
u1803672.mp3,3
u1340023.mp3,3
u717322.mp3,3
u1764933.mp3,3
u1411657.mp3,3
u1409855.mp3,3
u1210609.mp3,3
u1865313.mp3,3
u1212137.mp3,3
u1439159.mp3,3
u1783035.mp3,3
u1204126.mp3,3
u1223320.mp3,3
u967807.mp3,3
u1660488.mp3,3
u1189041.mp3,3
u914688.mp3,3
u758247.mp3,3
u1797545.mp3,3
u1039040.mp3,3
u1988008.mp3,3
u598536.mp3,3
u1293537.mp3,3
u770835.mp3,3
u1804612.mp3,3
u488841.mp3,3
u197043.mp3,3
u792258.mp3,3
u891329.mp3,3
u928251.mp3,3
u684944.mp3,3
u1382859.mp3,3
u2034854.mp3,3
u2010598.mp3,3
u1340987.mp3,3
u1157267.mp3,3
u1919140.mp3,3
u1000231.mp3,3
u556108.mp3,3
u672469.mp3,3
u342532.mp3,3
u1886154.mp3,3
u1014204.mp3,3
u554480.mp3,3
u1986198.mp3,3
u377084.mp3,3
u115816.mp3,3
u219059.mp3,3
u1437872.mp3,3
u1443354.mp3,3
8985.mp3,3
u1383576.mp3,3
u745214.mp3,3
u1941341.mp3,3
u2008004.mp3,3
u1483249.mp3,3
u383247.mp3,3
u1998247.mp3,3
u840708.mp3,3
u1967152.mp3,3
u1917784.mp3,3
u1992215.mp3,3
u1650302.mp3,3
u1829388.mp3,3
u1348391.mp3,3
u295620.mp3,3
10943.mp3,3
u445309.mp3,3
u1095806.mp3,3
u1234183.mp3,3
u1185788.mp3,3
u286492.mp3,3
u1988358.mp3,3
u1591074.mp3,3
u1371903.mp3,3
u1030279.mp3,3
u844876.mp3,3
u979334.mp3,3
u1686653.mp3,3
u437694.mp3,3
u245482.mp3,3
u1170223.mp3,3
u1587186.mp3,3
u1957359.mp3,3
u1515214.mp3,3
u1673503.mp3,3
u1868413.mp3,3
u1493113.mp3,3
u1179162.mp3,3
u1577980.mp3,3
u1226530.mp3,3
u304674.mp3,3
u2037624.mp3,3
u1703313.mp3,3
u1587896.mp3,3
u1101464.mp3,3
u228189.mp3,3
u1343429.mp3,3
u801802.mp3,3
u273796.mp3,3
u105527.mp3,3
u1788589.mp3,3
u449468.mp3,3
u1912882.mp3,3
u1592504.mp3,3
u676127.mp3,3
u922721.mp3,3
u1387627.mp3,3
u568971.mp3,3
u296447.mp3,3
u798118.mp3,3
u458638.mp3,3
u1482344.mp3,3
u761821.mp3,3
u1647503.mp3,3
2059.mp3,3
u178981.mp3,3
u248302.mp3,3
u846902.mp3,3
u1007736.mp3,3
u1691490.mp3,3
u1868763.mp3,3
u1805941.mp3,3
u881366.mp3,3
u1722503.mp3,3
u1372620.mp3,3
u459303.mp3,3
u390696.mp3,3
u865670.mp3,3
u1816146.mp3,3
u1909490.mp3,3
u1923799.mp3,3
u1055837.mp3,3
u1699424.mp3,3
u311375.mp3,3
u1564954.mp3,3
u152598.mp3,3
4249.mp3,3
u68687.mp3,3
u1823493.mp3,3
u1774868.mp3,3
u870171.mp3,3
u942115.mp3,3
u1216787.mp3,3
u495660.mp3,3
u44754.mp3,3
u794713.mp3,3
u1614207.mp3,3
u104892.mp3,3
u772584.mp3,3
u1161752.mp3,3
u708337.mp3,3
u1168013.mp3,3
u1691709.mp3,3
u560450.mp3,3
u514863.mp3,3
5065.mp3,3
u1063104.mp3,3
u1745658.mp3,3
u1167560.mp3,3
u1688242.mp3,3
u1591636.mp3,3
u758206.mp3,3
u693557.mp3,3
u1338902.mp3,3
u1168575.mp3,3
u1571516.mp3,3
u2025325.mp3,3
u949526.mp3,3
u1562191.mp3,3
u2014070.mp3,3
u189884.mp3,3
u1481936.mp3,3
u1528895.mp3,3
u1064862.mp3,3
u932861.mp3,3
u1707735.mp3,3
u1724856.mp3,3
u862298.mp3,3
u1829290.mp3,3
u1739056.mp3,3
u1636846.mp3,3
u1641502.mp3,3
u1942051.mp3,3
u1818514.mp3,3
u1578831.mp3,3
u1292008.mp3,3
u1775965.mp3,3
u1726236.mp3,3
u35672.mp3,3
u1195058.mp3,3
u1822314.mp3,3
u134529.mp3,3
u1634977.mp3,3
u100970.mp3,3
2181.mp3,3
u1067561.mp3,3
u293306.mp3,3
u751066.mp3,3
u1761828.mp3,3
u1407856.mp3,3
u1482751.mp3,3
u1085781.mp3,3
u740559.mp3,3
u379428.mp3,3
u1633438.mp3,3
u1786184.mp3,3
u886210.mp3,3
u1561314.mp3,3
u63751.mp3,3
u1408564.mp3,3
u433111.mp3,3
u1433088.mp3,3
u1339549.mp3,3
u1928323.mp3,3
u1428240.mp3,3
u855076.mp3,3
u883536.mp3,3
u898623.mp3,3
u1774058.mp3,3
u1910333.mp3,3
u1642037.mp3,3
17638.mp3,3
u530285.mp3,3
u199287.mp3,3
u343976.mp3,3
u1463033.mp3,3
u1129299.mp3,3
u1541406.mp3,3
u1530805.mp3,3
u1809550.mp3,3
u1903125.mp3,3
u395622.mp3,3
u1806034.mp3,3
u296567.mp3,3
u1818770.mp3,3
u47746.mp3,3
u1488170.mp3,3
u1352822.mp3,3
u1775547.mp3,3
u1602904.mp3,3
u1055085.mp3,3
u35251.mp3,3
u1641792.mp3,3
u888487.mp3,3
u1848231.mp3,3
u1903165.mp3,3
u1562163.mp3,3
u327000.mp3,3
u1416572.mp3,3
u1721858.mp3,3
u2005321.mp3,3
u1021696.mp3,3
u296030.mp3,3
u262616.mp3,3
u1815086.mp3,3
u819124.mp3,3
u391817.mp3,3
u1464964.mp3,3
u1967225.mp3,3
u1898676.mp3,3
u103823.mp3,3
u1531079.mp3,3
u1977661.mp3,3
u1626202.mp3,3
u476997.mp3,3
u1263441.mp3,3
u82994.mp3,3
u1493604.mp3,3
u729500.mp3,3
u1178477.mp3,3
u1170649.mp3,3
u1859921.mp3,3
u1200280.mp3,3
u138962.mp3,3
u1467012.mp3,3
u1411582.mp3,3
u1518884.mp3,3
u897308.mp3,3
u1242744.mp3,3
u1795530.mp3,3
u398290.mp3,3
u1839413.mp3,3
u886725.mp3,3
u834314.mp3,3
u1555165.mp3,3
u224614.mp3,3
u259747.mp3,3
u1520002.mp3,3
u1858877.mp3,3
11038.mp3,3
u1452759.mp3,3
u1730861.mp3,3
u635409.mp3,3
u1611777.mp3,3
u2009698.mp3,3
u1708726.mp3,3
u1952567.mp3,3
u1843586.mp3,3
u1128987.mp3,3
u1461380.mp3,3
u1287351.mp3,3
u925391.mp3,3
u1554308.mp3,3
u1562553.mp3,3
u1744802.mp3,3
u414488.mp3,3
u116803.mp3,3
u1295680.mp3,3
u1965001.mp3,3
u1817516.mp3,3
u196943.mp3,3
u1059411.mp3,3
u428075.mp3,3
u1210084.mp3,3
u1418771.mp3,3
u1049652.mp3,3
u1077415.mp3,3
u806243.mp3,3
u1486637.mp3,3
u123382.mp3,3
u1360988.mp3,3
u1974460.mp3,3
u1492789.mp3,3
u324401.mp3,3
u178618.mp3,3
u389959.mp3,3
u1773974.mp3,3
u1310123.mp3,3
u566344.mp3,3
u1311281.mp3,3
u1695995.mp3,3
u311146.mp3,3
u1017231.mp3,3
u1200699.mp3,3
u2019794.mp3,3
u1499849.mp3,3
u1287916.mp3,3
u1794220.mp3,3
u1216257.mp3,3
u856353.mp3,3
u1484057.mp3,3
u1684656.mp3,3
u1029159.mp3,3
u1277298.mp3,3
u1803269.mp3,3
u205541.mp3,3
u1660262.mp3,3
16619.mp3,3
u1197726.mp3,3
u1176240.mp3,3
u292352.mp3,3
u1135311.mp3,3
u1757829.mp3,3
u1750842.mp3,3
u1330101.mp3,3
u453270.mp3,3
u1102858.mp3,3
u1334592.mp3,3
u393759.mp3,3
u1316172.mp3,3
u1532788.mp3,3
u1229706.mp3,3
u908133.mp3,3
u790746.mp3,3
u1798243.mp3,3
u2025193.mp3,3
u1553572.mp3,3
u651300.mp3,3
u169069.mp3,3
u541199.mp3,3
u1968976.mp3,3
u675113.mp3,3
u1729357.mp3,3
u1926645.mp3,3
u1896801.mp3,3
u120168.mp3,3
u1237013.mp3,3
u829891.mp3,3
u49344.mp3,3
u1984888.mp3,3
u1494955.mp3,3
u818116.mp3,3
u1686977.mp3,3
u171386.mp3,3
u845572.mp3,3
13446.mp3,3
u969542.mp3,3
u462256.mp3,3
u1516296.mp3,3
u1599.mp3,3
u1883264.mp3,3
u1599400.mp3,3
u1625248.mp3,3
u1136600.mp3,3
u1690371.mp3,3
u1977537.mp3,3
u1894620.mp3,3
u741481.mp3,3
u1715922.mp3,3
u65338.mp3,3
u1916154.mp3,3
u1132650.mp3,3
u971582.mp3,3
u1580191.mp3,3
u1539068.mp3,3
u1289308.mp3,3
u432260.mp3,3
u1885638.mp3,3
u1594935.mp3,3
u730482.mp3,3
u651630.mp3,3
u1308270.mp3,3
u642389.mp3,3
u1786470.mp3,3
u63778.mp3,3
u661173.mp3,3
u425643.mp3,3
u669070.mp3,3
u1137982.mp3,3
u972803.mp3,3
u1511421.mp3,3
u876011.mp3,3
u527763.mp3,3
u1047738.mp3,3
u117002.mp3,3
u767597.mp3,3
u814952.mp3,3
u1350601.mp3,3
u164148.mp3,3
u171122.mp3,3
u1453265.mp3,3
u375047.mp3,3
u2040040.mp3,3
u1961707.mp3,3
u314295.mp3,3
u1869076.mp3,3
u310560.mp3,3
u1020080.mp3,3
u799673.mp3,3
u477722.mp3,3
u1688568.mp3,3
u1031343.mp3,3
u1762420.mp3,3
u1494812.mp3,3
u836223.mp3,3
u1190390.mp3,3
u1405460.mp3,3
u1490178.mp3,3
u1612261.mp3,3
u1483131.mp3,3
u1799014.mp3,3
u680521.mp3,3
u1896544.mp3,3
u1777050.mp3,3
u341224.mp3,3
u186317.mp3,3
u1882859.mp3,3
u968735.mp3,3
u368180.mp3,3
u1332660.mp3,3
u1131502.mp3,3
u1227497.mp3,3
u1175875.mp3,3
u370884.mp3,3
u1735288.mp3,3
u1551273.mp3,3
u558845.mp3,3
u1129543.mp3,3
u2036694.mp3,3
u1564703.mp3,3
u1353485.mp3,3
u1815471.mp3,3
u1013876.mp3,3
u1579560.mp3,3
u1315791.mp3,3
u951055.mp3,3
u1841045.mp3,3
u1024482.mp3,3
u1593356.mp3,3
u2025077.mp3,3
u107291.mp3,3
u1032344.mp3,3
u1152642.mp3,3
u911305.mp3,3
u118191.mp3,3
u1784260.mp3,3
u1260000.mp3,3
u440678.mp3,3
u1550283.mp3,3
u426492.mp3,3
u2027666.mp3,3
u1928825.mp3,3
u153810.mp3,3
u2014565.mp3,3
u707299.mp3,3
u640254.mp3,3
u959608.mp3,3
u988619.mp3,3
u1702478.mp3,3
u662654.mp3,3
u1633058.mp3,3
u1269921.mp3,3
8662.mp3,3
u1210653.mp3,3
u1947474.mp3,3
u1637273.mp3,3
u349810.mp3,3
u986941.mp3,3
u764249.mp3,3
u1741016.mp3,3
u1248332.mp3,3
u779322.mp3,3
u1981621.mp3,3
u1994605.mp3,3
u732046.mp3,3
u1721689.mp3,3
u1259495.mp3,3
u1958229.mp3,3
u93901.mp3,3
u1056576.mp3,3
u1733596.mp3,3
u678249.mp3,3
u264880.mp3,3
u1379257.mp3,3
10433.mp3,3
u791066.mp3,3
u1769534.mp3,3
2409.mp3,3
u1596323.mp3,3
u1506325.mp3,3
u1743936.mp3,3
u661156.mp3,3
u1973477.mp3,3
u236329.mp3,3
u528335.mp3,3
u1434739.mp3,3
u1833342.mp3,3
u1291496.mp3,3
u1839566.mp3,3
u704124.mp3,3
u1488418.mp3,3
u1472401.mp3,3
u1651093.mp3,3
u1996497.mp3,3
u1998964.mp3,3
u1575460.mp3,3
u1987356.mp3,3
u861176.mp3,3
u1699348.mp3,3
u382974.mp3,3
u1872670.mp3,3
u1948347.mp3,3
u1178424.mp3,3
u311521.mp3,3
u1511719.mp3,3
u1966942.mp3,3
u237489.mp3,3
u1849195.mp3,3
u848584.mp3,3
u1693682.mp3,3
u1624346.mp3,3
u1798703.mp3,3
u1455958.mp3,3
323.mp3,3
u1718807.mp3,3
u530246.mp3,3
u1449972.mp3,3
u1840205.mp3,3
u2012403.mp3,3
u1454459.mp3,3
u1778945.mp3,3
u1511063.mp3,3
u1262890.mp3,3
u1442163.mp3,3
u1982500.mp3,3
u1187309.mp3,3
u1721584.mp3,3
u1640891.mp3,3
u1096178.mp3,3
u1299922.mp3,3
u792558.mp3,3
u1698947.mp3,3
u1398502.mp3,3
u381750.mp3,3
u704654.mp3,3
u1893349.mp3,3
u942073.mp3,3
u1492541.mp3,3
u1431493.mp3,3
u148060.mp3,3
u1991141.mp3,3
u1050637.mp3,3
u102483.mp3,3
u1958200.mp3,3
u1309365.mp3,3
u1788466.mp3,3
u1264524.mp3,3
u676571.mp3,3
u833972.mp3,3
u261160.mp3,3
u989579.mp3,3
u488879.mp3,3
u1515651.mp3,3
u197392.mp3,3
u1830587.mp3,3
u831387.mp3,3
u1302970.mp3,3
5004.mp3,3
u8773.mp3,3
u24605.mp3,3
u602144.mp3,3
u1167136.mp3,3
u1161066.mp3,3
u1648876.mp3,3
u1824184.mp3,3
u857450.mp3,3
u1448269.mp3,3
u1541461.mp3,3
u1080953.mp3,3
u20406.mp3,3
u1301244.mp3,3
u799975.mp3,3
u988229.mp3,3
u991573.mp3,3
u858232.mp3,3
u918521.mp3,3
u829465.mp3,3
u1168805.mp3,3
u822971.mp3,3
u1942829.mp3,3
u906329.mp3,3
u539898.mp3,3
17434.mp3,3
u438811.mp3,3
u2005416.mp3,3
u1118612.mp3,3
u184262.mp3,3
u1715505.mp3,3
u1750517.mp3,3
u560206.mp3,3
u160752.mp3,3
u957854.mp3,3
u1196386.mp3,3
u1413318.mp3,3
u923114.mp3,3
u953448.mp3,3
u2018880.mp3,3
u600805.mp3,3
u909773.mp3,3
u890801.mp3,3
u1780529.mp3,3
u1508082.mp3,3
u1244460.mp3,3
u601513.mp3,3
u1335232.mp3,3
u1696221.mp3,3
u328488.mp3,3
u1868026.mp3,3
u1732992.mp3,3
2266.mp3,3
u1867578.mp3,3
u719143.mp3,3
u1175242.mp3,3
u900991.mp3,3
u1596860.mp3,3
u1654114.mp3,3
u1397900.mp3,3
u737929.mp3,3
u449740.mp3,3
u1465722.mp3,3
u1783569.mp3,3
u1527087.mp3,3
u1268254.mp3,3
u1966936.mp3,3
u751948.mp3,3
u1482725.mp3,3
u1428790.mp3,3
u554562.mp3,3
u1958156.mp3,3
u141363.mp3,3
u852359.mp3,3
u817725.mp3,3
u845885.mp3,3
u1813451.mp3,3
u1781457.mp3,3
u1990580.mp3,3
u1506629.mp3,3
u2017506.mp3,3
u1114271.mp3,3
u1416871.mp3,3
u2031028.mp3,3
u1735112.mp3,3
u1304485.mp3,3
u456223.mp3,3
u1190455.mp3,3
u1699189.mp3,3
u1603634.mp3,3
u1905006.mp3,3
u1423191.mp3,3
u80377.mp3,3
u1142275.mp3,3
u1525482.mp3,3
22030.mp3,3
u426719.mp3,3
u646305.mp3,3
u721074.mp3,3
u1392636.mp3,3
u704094.mp3,3
u537781.mp3,3
u673993.mp3,3
u909523.mp3,3
u1576489.mp3,3
u458707.mp3,3
u732116.mp3,3
u184158.mp3,3
u1937388.mp3,3
u1390218.mp3,3
u862188.mp3,3
u342842.mp3,3
u2019094.mp3,3
u23889.mp3,3
u809806.mp3,3
u1107335.mp3,3
u1109810.mp3,3
u1630717.mp3,3
u1153181.mp3,3
u935249.mp3,3
u362613.mp3,3
u688530.mp3,3
u1843358.mp3,3
u1706565.mp3,3
u24597.mp3,3
u1380282.mp3,3
u224870.mp3,3
u1512654.mp3,3
u1593966.mp3,3
u1064024.mp3,3
u863528.mp3,3
u1222092.mp3,3
u1330215.mp3,3
u1605804.mp3,3
u481299.mp3,3
u1772231.mp3,3
u122630.mp3,3
u1415098.mp3,3
u1579937.mp3,3
u107605.mp3,3
u204655.mp3,3
u1413632.mp3,3
u1232423.mp3,3
u1322157.mp3,3
u1055748.mp3,3
u611972.mp3,3
u465985.mp3,3
u573535.mp3,3
u964396.mp3,3
u1275247.mp3,3
u1912520.mp3,3
u727052.mp3,3
u711367.mp3,3
u489104.mp3,3
u551985.mp3,3
u1140665.mp3,3
u1205257.mp3,3
u20013.mp3,3
u2000729.mp3,3
u1688256.mp3,3
u656010.mp3,3
u232639.mp3,3
u186017.mp3,3
u1166057.mp3,3
u1864871.mp3,3
u1055300.mp3,3
u2010740.mp3,3
u923166.mp3,3
u526923.mp3,3
u1568593.mp3,3
u954942.mp3,3
u1827712.mp3,3
u1866773.mp3,3
u333012.mp3,3
u1418792.mp3,3
u895143.mp3,3
u1982049.mp3,3
u1660284.mp3,3
u1006873.mp3,3
u190384.mp3,3
u1310184.mp3,3
u1960457.mp3,3
u1440419.mp3,3
u2000021.mp3,3
u918328.mp3,3
u311566.mp3,3
u952308.mp3,3
u935531.mp3,3
u1928464.mp3,3
u1446318.mp3,3
u1876443.mp3,3
u1447549.mp3,3
u1826752.mp3,3
u191055.mp3,3
u2024336.mp3,3
u950570.mp3,3
u1788868.mp3,3
u1642551.mp3,3
u1060690.mp3,3
u1257128.mp3,3
u1289166.mp3,3
u626587.mp3,3
u970037.mp3,3
u1193390.mp3,3
u479345.mp3,3
u1878194.mp3,3
u1758739.mp3,3
u888252.mp3,3
u1444484.mp3,3
u434748.mp3,3
u63924.mp3,3
u315289.mp3,3
u1309739.mp3,3
u1677781.mp3,3
u1683492.mp3,3
15857.mp3,3
u1509426.mp3,3
u267413.mp3,3
u2041754.mp3,3
u150626.mp3,3
u1661854.mp3,3
u1721571.mp3,3
u1491859.mp3,3
u1096154.mp3,3
u1093769.mp3,3
u637587.mp3,3
u1367305.mp3,3
u1578330.mp3,3
u1251159.mp3,3
u463403.mp3,3
u2018875.mp3,3
u924801.mp3,3
u1747174.mp3,3
u884403.mp3,3
u476681.mp3,3
u37483.mp3,3
u1680680.mp3,3
u634183.mp3,3
u1586622.mp3,3
u938209.mp3,3
u1550130.mp3,3
u698036.mp3,3
u858383.mp3,3
u798605.mp3,3
u6055.mp3,3
u51482.mp3,3
u1039239.mp3,3
u719772.mp3,3
u1763650.mp3,3
u272715.mp3,3
u797545.mp3,3
u1017558.mp3,3
u1978168.mp3,3
u152398.mp3,3
u589063.mp3,3
u282365.mp3,3
u862325.mp3,3
u829468.mp3,3
u1194031.mp3,3
u738704.mp3,3
u1321101.mp3,3
u1317041.mp3,3
u1085314.mp3,3
u1755285.mp3,3
u1811385.mp3,3
u1178370.mp3,3
u931825.mp3,3
u1879312.mp3,3
u913871.mp3,3
u1405950.mp3,3
u2023798.mp3,3
u235968.mp3,3
u109370.mp3,3
u791534.mp3,3
u1718211.mp3,3
u1826373.mp3,3
u356540.mp3,3
u901363.mp3,3
u892071.mp3,3
u1885017.mp3,3
u993651.mp3,3
10001.mp3,3
u1142967.mp3,3
u1004855.mp3,3
u935024.mp3,3
u630540.mp3,3
u1337011.mp3,3
u384745.mp3,3
u2018983.mp3,3
u1783947.mp3,3
u891999.mp3,3
u1269300.mp3,3
u713353.mp3,3
u705751.mp3,3
u1640099.mp3,3
u1370533.mp3,3
u1960615.mp3,3
u631192.mp3,3
u1443734.mp3,3
u1982014.mp3,3
u708822.mp3,3
u27657.mp3,3
u1456881.mp3,3
u1145887.mp3,3
u1858569.mp3,3
u1167037.mp3,3
u831115.mp3,3
u1222703.mp3,3
u111411.mp3,3
u212797.mp3,3
u1641643.mp3,3
u1886106.mp3,3
u1302645.mp3,3
u271369.mp3,3
u1386465.mp3,3
u704528.mp3,3
3171.mp3,3
u282154.mp3,3
u255283.mp3,3
u1616112.mp3,3
u1100073.mp3,3
u973509.mp3,3
u856715.mp3,3
u693151.mp3,3
u1151400.mp3,3
u202257.mp3,3
u528767.mp3,3
u1292089.mp3,3
u1682676.mp3,3
u1164101.mp3,3
u1511788.mp3,3
u1647546.mp3,3
u1609602.mp3,3
u1763020.mp3,3
u1533978.mp3,3
u867013.mp3,3
u1122556.mp3,3
u1604576.mp3,3
u777624.mp3,3
u1678598.mp3,3
u195294.mp3,3
u512121.mp3,3
u62445.mp3,3
u873948.mp3,3
u1974506.mp3,3
u1794243.mp3,3
u837593.mp3,3
u1972281.mp3,3
u1181740.mp3,3
u1242291.mp3,3
u1454214.mp3,3
u1399431.mp3,3
u1143569.mp3,3
u685882.mp3,3
u1877786.mp3,3
u1296938.mp3,3
u1881877.mp3,3
u238917.mp3,3
u1823555.mp3,3
u1415977.mp3,3
u207467.mp3,3
u538008.mp3,3
u1338910.mp3,3
15947.mp3,3
u495522.mp3,3
u888904.mp3,3
u763058.mp3,3
u63606.mp3,3
u1571553.mp3,3
u822565.mp3,3
u763827.mp3,3
u922751.mp3,3
u2023103.mp3,3
u781143.mp3,3
u124348.mp3,3
u301737.mp3,3
u1793258.mp3,3
u8847.mp3,3
u123946.mp3,3
u1792678.mp3,3
u1685285.mp3,3
u1463721.mp3,3
u886239.mp3,3
u1749962.mp3,3
u1006480.mp3,3
u242371.mp3,3
u1837442.mp3,3
u1176931.mp3,3
10462.mp3,3
u1646434.mp3,3
u671482.mp3,3
u1215395.mp3,3
u916420.mp3,3
u1593906.mp3,3
u37681.mp3,3
u1655660.mp3,3
u1064249.mp3,3
u1130234.mp3,3
u925322.mp3,3
u1463061.mp3,3
u1770686.mp3,3
u2007323.mp3,3
u1021015.mp3,3
u1172875.mp3,3
u79321.mp3,3
u1138487.mp3,3
u1233641.mp3,3
u647032.mp3,3
u1661533.mp3,3
u383543.mp3,3
u1724915.mp3,3
u25678.mp3,3
u1504879.mp3,3
u1681841.mp3,3
u1678631.mp3,3
u1842856.mp3,3
u344217.mp3,3
u1020807.mp3,3
u1616680.mp3,3
u1406222.mp3,3
u1847535.mp3,3
u56210.mp3,3
u307664.mp3,3
u1055829.mp3,3
u1013533.mp3,3
u623779.mp3,3
u1565142.mp3,3
u305831.mp3,3
u1237674.mp3,3
u134491.mp3,3
u1690406.mp3,3
u1806538.mp3,3
u916396.mp3,3
u612416.mp3,3
u1921907.mp3,3
u1387031.mp3,3
3116.mp3,3
u1773063.mp3,3
u532091.mp3,3
u1257435.mp3,3
u977742.mp3,3
9896.mp3,3
u1924796.mp3,3
u1621595.mp3,3
u1133625.mp3,3
u1249102.mp3,3
u1957745.mp3,3
u1543130.mp3,3
u1669527.mp3,3
u1158021.mp3,3
u85663.mp3,3
u432730.mp3,3
u787121.mp3,3
u432038.mp3,3
u685944.mp3,3
u1482738.mp3,3
u1708167.mp3,3
u1807033.mp3,3
u1143245.mp3,3
u376634.mp3,3
u865902.mp3,3
u742408.mp3,3
u640357.mp3,3
u1627752.mp3,3
u1205542.mp3,3
u1540495.mp3,3
u1173887.mp3,3
u163218.mp3,3
u282513.mp3,3
u2010490.mp3,3
u1434901.mp3,3
u1791738.mp3,3
u1493114.mp3,3
u74770.mp3,3
u541993.mp3,3
u938710.mp3,3
u898700.mp3,3
u1715000.mp3,3
u1328573.mp3,3
u960035.mp3,3
u1290600.mp3,3
u1333963.mp3,3
u1359052.mp3,3
u1159826.mp3,3
u881489.mp3,3
u1347416.mp3,3
u1735632.mp3,3
u863544.mp3,3
u1968618.mp3,3
u1340415.mp3,3
u576516.mp3,3
u1964129.mp3,3
u852985.mp3,3
u1324368.mp3,3
u1064978.mp3,3
u636092.mp3,3
u768053.mp3,3
u1125208.mp3,3
u1993551.mp3,3
u317539.mp3,3
u1451802.mp3,3
u1183924.mp3,3
u456621.mp3,3
u736475.mp3,3
u1448522.mp3,3
u987258.mp3,3
u1318633.mp3,3
u1548525.mp3,3
u1075174.mp3,3
u1049289.mp3,3
u1412475.mp3,3
u269290.mp3,3
u593995.mp3,3
u496533.mp3,3
u1342339.mp3,3
u969990.mp3,3
u1450117.mp3,3
u824247.mp3,3
u190272.mp3,3
u1085746.mp3,3
u976904.mp3,3
u1783864.mp3,3
u1113225.mp3,3
u1406600.mp3,3
u1151270.mp3,3
u17348.mp3,3
u265388.mp3,3
u42858.mp3,3
u2002092.mp3,3
u1223996.mp3,3
u14491.mp3,3
u762488.mp3,3
u1898179.mp3,3
u411582.mp3,3
10695.mp3,3
u1393721.mp3,3
u587928.mp3,3
u580923.mp3,3
u110603.mp3,3
u809194.mp3,3
u1168297.mp3,3
u968552.mp3,3
u1661499.mp3,3
u1084729.mp3,3
u1219013.mp3,3
u1884499.mp3,3
u1451886.mp3,3
u553886.mp3,3
u470060.mp3,3
u40917.mp3,3
u133254.mp3,3
u1721677.mp3,3
u156893.mp3,3
u64675.mp3,3
u806172.mp3,3
u848753.mp3,3
u163868.mp3,3
u1221999.mp3,3
u1559921.mp3,3
u425917.mp3,3
u1680251.mp3,3
u1731500.mp3,3
u2003387.mp3,3
u1438468.mp3,3
u1106842.mp3,3
u1414984.mp3,3
u543052.mp3,3
u122214.mp3,3
u267508.mp3,3
u1727516.mp3,3
u1234980.mp3,3
17015.mp3,3
u2007962.mp3,3
u1478855.mp3,3
u1819156.mp3,3
u1898251.mp3,3
u1669067.mp3,3
u1354113.mp3,3
u1583196.mp3,3
u497195.mp3,3
u725157.mp3,3
u1422228.mp3,3
u2021018.mp3,3
u1471987.mp3,3
u720061.mp3,3
u921437.mp3,3
u1408770.mp3,3
u2006318.mp3,3
u24345.mp3,3
u1891108.mp3,3
u1109905.mp3,3
u1210166.mp3,3
u867839.mp3,3
u360313.mp3,3
u1165538.mp3,3
u843981.mp3,3
u1265465.mp3,3
u688760.mp3,3
u1260409.mp3,3
u1372356.mp3,3
u1446930.mp3,3
u1383350.mp3,3
u1263445.mp3,3
u1907537.mp3,3
u1872722.mp3,3
u517817.mp3,3
u976076.mp3,3
u554979.mp3,3
u421888.mp3,3
u1135832.mp3,3
u1962327.mp3,3
u284937.mp3,3
u1075449.mp3,3
u302322.mp3,3
u1431637.mp3,3
u887659.mp3,3
u1871865.mp3,3
u422547.mp3,3
u1765215.mp3,3
u631118.mp3,3
u1004109.mp3,3
u1980261.mp3,3
u673228.mp3,3
u407362.mp3,3
u1385182.mp3,3
u291127.mp3,3
u1408218.mp3,3
u126469.mp3,3
u695947.mp3,3
u1028666.mp3,3
u1909273.mp3,3
u864434.mp3,3
u462211.mp3,3
u414960.mp3,3
u1885106.mp3,3
u974609.mp3,3
u1016596.mp3,3
9800.mp3,3
u1687402.mp3,3
u869846.mp3,3
u321720.mp3,3
u164860.mp3,3
u1089891.mp3,3
u356854.mp3,3
u1539710.mp3,3
u750743.mp3,3
u1899092.mp3,3
u1959160.mp3,3
u1505548.mp3,3
u300949.mp3,3
u1877039.mp3,3
3304.mp3,3
19093.mp3,3
u1307095.mp3,3
u796090.mp3,3
u853507.mp3,3
u1044878.mp3,3
u1180260.mp3,3
u1141155.mp3,3
u1722515.mp3,3
u1828584.mp3,3
u1795136.mp3,3
u99305.mp3,3
u2025888.mp3,3
u1875955.mp3,3
u1546815.mp3,3
u1099740.mp3,3
u309812.mp3,3
u296249.mp3,3
u1105008.mp3,3
u1909389.mp3,3
u1269562.mp3,3
u32316.mp3,3
u1998033.mp3,3
u930234.mp3,3
u967097.mp3,3
u1040405.mp3,3
u1275330.mp3,3
u957134.mp3,3
u524049.mp3,3
u14385.mp3,3
u835400.mp3,3
u1998292.mp3,3
u582765.mp3,3
u1921669.mp3,3
u1098054.mp3,3
u241342.mp3,3
u1582241.mp3,3
u1875967.mp3,3
u267749.mp3,3
u1862420.mp3,3
u951113.mp3,3
u1311123.mp3,3
u861569.mp3,3
u1294490.mp3,3
u356618.mp3,3
u310815.mp3,3
u1591562.mp3,3
u381221.mp3,3
u1634055.mp3,3
u1409579.mp3,3
u1739010.mp3,3
u1609470.mp3,3
u1826453.mp3,3
u1783625.mp3,3
u468991.mp3,3
u1985752.mp3,3
u1868300.mp3,3
u90294.mp3,3
u736100.mp3,3
u653410.mp3,3
u1507019.mp3,3
u1517527.mp3,3
u1889502.mp3,3
u1570742.mp3,3
u1920747.mp3,3
u153307.mp3,3
u1017992.mp3,3
u1752275.mp3,3
u1485683.mp3,3
u1639781.mp3,3
u1110962.mp3,3
u1601634.mp3,3
u722878.mp3,3
u1853196.mp3,3
u2032832.mp3,3
u1684561.mp3,3
u379717.mp3,3
u1576998.mp3,3
u632549.mp3,3
u1008516.mp3,3
u1801880.mp3,3
u960130.mp3,3
u668273.mp3,3
u700198.mp3,3
u119502.mp3,3
u755675.mp3,3
u1349061.mp3,3
u835913.mp3,3
u1030185.mp3,3
u968692.mp3,3
u32532.mp3,3
u1806703.mp3,3
u1723743.mp3,3
u1998231.mp3,3
u1694064.mp3,3
u1382002.mp3,3
u871418.mp3,3
u1479172.mp3,3
u1258202.mp3,3
u43231.mp3,3
u681402.mp3,3
u1712147.mp3,3
u1266424.mp3,3
u1002679.mp3,3
u951678.mp3,3
u1709633.mp3,3
u1436329.mp3,3
u247926.mp3,3
u1527206.mp3,3
u287870.mp3,3
u1247683.mp3,3
u1972317.mp3,3
u1086313.mp3,3
u618329.mp3,3
u418192.mp3,3
u153715.mp3,3
u1520212.mp3,3
u1482775.mp3,3
u1396989.mp3,3
u1656979.mp3,3
u1312395.mp3,3
u1525070.mp3,3
u733490.mp3,3
u645728.mp3,3
u64456.mp3,3
u1263125.mp3,3
u1784088.mp3,3
u446023.mp3,3
u1731548.mp3,3
u1669566.mp3,3
u1287330.mp3,3
u1719283.mp3,3
u348523.mp3,3
u1930525.mp3,3
u349353.mp3,3
u816485.mp3,3
u594725.mp3,3
u1626241.mp3,3
u1101596.mp3,3
u605641.mp3,3
u1229132.mp3,3
u1334445.mp3,3
u1908631.mp3,3
u2039246.mp3,3
u613058.mp3,3
u1109576.mp3,3
u1400071.mp3,3
u857075.mp3,3
u1655237.mp3,3
u1527965.mp3,3
u387235.mp3,3
u111125.mp3,3
u15634.mp3,3
u81071.mp3,3
u1437952.mp3,3
u622234.mp3,3
14417.mp3,3
u1624967.mp3,3
u1879220.mp3,3
u893872.mp3,3
u1773040.mp3,3
1705.mp3,3
u966718.mp3,3
u1379373.mp3,3
u1982377.mp3,3
u722610.mp3,3
u1690075.mp3,3
u1313540.mp3,3
u653684.mp3,3
u217032.mp3,3
u1234308.mp3,3
u1577108.mp3,3
u105268.mp3,3
u555306.mp3,3
u1957901.mp3,3
u1575050.mp3,3
u1814775.mp3,3
u1010795.mp3,3
u568212.mp3,3
u911884.mp3,3
18543.mp3,3
u1146877.mp3,3
18254.mp3,3
u1811494.mp3,3
u833995.mp3,3
u652037.mp3,3
u518064.mp3,3
u509020.mp3,3
u255581.mp3,3
u887264.mp3,3
u1716447.mp3,3
u1084843.mp3,3
u1128778.mp3,3
u658730.mp3,3
u1372362.mp3,3
u1671285.mp3,3
u864869.mp3,3
u1347490.mp3,3
u883573.mp3,3
u807506.mp3,3
u216921.mp3,3
u947362.mp3,3
u716252.mp3,3
u1859956.mp3,3
u1415163.mp3,3
u1668474.mp3,3
u605772.mp3,3
u1021964.mp3,3
u1189506.mp3,3
u1655918.mp3,3
u362656.mp3,3
u1965340.mp3,3
u1186898.mp3,3
u1764897.mp3,3
u226312.mp3,3
u1482851.mp3,3
u346678.mp3,3
u405715.mp3,3
u1147214.mp3,3
u1413206.mp3,3
u1026738.mp3,3
u1525175.mp3,3
u1715128.mp3,3
12364.mp3,3
u1920259.mp3,3
u999051.mp3,3
u1202042.mp3,3
u489847.mp3,3
u1728252.mp3,3
u1724411.mp3,3
u2038729.mp3,3
u1214192.mp3,3
u1114581.mp3,3
u1660186.mp3,3
u1326663.mp3,3
u2034209.mp3,3
u673986.mp3,3
u1759609.mp3,3
u1852781.mp3,3
u1582233.mp3,3
u1980729.mp3,3
u110734.mp3,3
u1141331.mp3,3
u1027114.mp3,3
u782601.mp3,3
u606188.mp3,3
u1237455.mp3,3
u703816.mp3,3
u1238871.mp3,3
u1114729.mp3,3
u955251.mp3,3
u1214912.mp3,3
u1743887.mp3,3
u1623771.mp3,3
u674891.mp3,3
u525090.mp3,3
u1322111.mp3,3
u456518.mp3,3
u1929307.mp3,3
u1781112.mp3,3
u1356039.mp3,3
u1626111.mp3,3
u1574856.mp3,3
u412726.mp3,3
u786253.mp3,3
u1883085.mp3,3
u228156.mp3,3
u472475.mp3,3
u1651779.mp3,3
u2040189.mp3,3
u1617337.mp3,3
u80825.mp3,3
u1350253.mp3,3
u448564.mp3,3
u1050677.mp3,3
u329489.mp3,3
u1725059.mp3,3
u1669833.mp3,3
u733000.mp3,3
u1824775.mp3,3
u585279.mp3,3
u1701995.mp3,3
u853668.mp3,3
u177689.mp3,3
u1915253.mp3,3
u1371750.mp3,3
u1847689.mp3,3
u1525855.mp3,3
10405.mp3,3
u1779062.mp3,3
u432947.mp3,3
u1879585.mp3,3
u1962286.mp3,3
u1742690.mp3,3
u1997007.mp3,3
u803804.mp3,3
u1751496.mp3,3
u1689299.mp3,3
u484767.mp3,3
u1240074.mp3,3
u743911.mp3,3
u1489841.mp3,3
u1519738.mp3,3
u441580.mp3,3
u518230.mp3,3
u207536.mp3,3
u1823491.mp3,3
u1830464.mp3,3
u1332288.mp3,3
u880696.mp3,3
u1248414.mp3,3
u490282.mp3,3
u1608472.mp3,3
u152597.mp3,3
u1272581.mp3,3
u714654.mp3,3
u897342.mp3,3
u1237548.mp3,3
u1643309.mp3,3
u1608189.mp3,3
u1075519.mp3,3
u33803.mp3,3
u268315.mp3,3
u173058.mp3,3
u1329966.mp3,3
u1107045.mp3,3
u349021.mp3,3
u41960.mp3,3
u1946624.mp3,3
u1673746.mp3,3
u1769906.mp3,3
u967064.mp3,3
u1736405.mp3,3
u506510.mp3,3
u452905.mp3,3
9263.mp3,3
u2021590.mp3,3
u334488.mp3,3
u449649.mp3,3
u1500228.mp3,3
u1763405.mp3,3
u1390178.mp3,3
u275633.mp3,3
5993.mp3,3
u523862.mp3,3
u1339177.mp3,3
u1811063.mp3,3
u734907.mp3,3
u1974845.mp3,3
u296934.mp3,3
u558553.mp3,3
u401053.mp3,3
u1362382.mp3,3
u1929962.mp3,3
u841715.mp3,3
u1402298.mp3,3
u1155989.mp3,3
u1552718.mp3,3
u1032383.mp3,3
u1357450.mp3,3
u9303.mp3,3
84.mp3,3
u1792193.mp3,3
u641650.mp3,3
u1839574.mp3,3
u670788.mp3,3
u14702.mp3,3
u1402767.mp3,3
u1723039.mp3,3
u888006.mp3,3
u797113.mp3,3
u238266.mp3,3
u1915641.mp3,3
u1690119.mp3,3
u211832.mp3,3
u619120.mp3,3
u432338.mp3,3
u1332775.mp3,3
u1722694.mp3,3
u40604.mp3,3
u1947358.mp3,3
u581293.mp3,3
u1839576.mp3,3
u653357.mp3,3
u1738685.mp3,3
u397335.mp3,3
u515226.mp3,3
6866.mp3,3
u529253.mp3,3
u1122884.mp3,3
u1647259.mp3,3
u2016904.mp3,3
u1752476.mp3,3
u210410.mp3,3
u636290.mp3,3
u903259.mp3,3
u757838.mp3,3
u543557.mp3,3
u1487217.mp3,3
u480001.mp3,3
u1205495.mp3,3
u2002114.mp3,3
u1067225.mp3,3
u851.mp3,3
u1686589.mp3,3
u1945488.mp3,3
u1646580.mp3,3
u1154601.mp3,3
u853008.mp3,3
u476462.mp3,3
u619002.mp3,3
u2000942.mp3,3
u1257504.mp3,3
u855408.mp3,3
u2020605.mp3,3
u558057.mp3,3
u1587887.mp3,3
u1564110.mp3,3
u1005321.mp3,3
u803019.mp3,3
u1298283.mp3,3
u555489.mp3,3
u852210.mp3,3
u928174.mp3,3
u1304596.mp3,3
u1960215.mp3,3
u996933.mp3,3
u1179559.mp3,3
u1479118.mp3,3
u493775.mp3,3
u1561158.mp3,3
u712250.mp3,3
u844659.mp3,3
u725525.mp3,3
u257082.mp3,3
u1121854.mp3,3
u113826.mp3,3
u462084.mp3,3
u1604795.mp3,3
u1249331.mp3,3
u1167345.mp3,3
u1330996.mp3,3
u1580227.mp3,3
u116420.mp3,3
u799701.mp3,3
u1494576.mp3,3
u856920.mp3,3
u939878.mp3,3
u1511767.mp3,3
u1650483.mp3,3
u149063.mp3,3
u1500476.mp3,3
u314981.mp3,3
u1606584.mp3,3
u133672.mp3,3
u1009042.mp3,3
u1543575.mp3,3
u1238436.mp3,3
u1053020.mp3,3
u1762766.mp3,3
u673390.mp3,3
u1624677.mp3,3
u1069236.mp3,3
u46028.mp3,3
u230086.mp3,3
u1833509.mp3,3
u1608672.mp3,3
u1384982.mp3,3
u479638.mp3,3
u1830054.mp3,3
u1426813.mp3,3
u687453.mp3,3
u1950673.mp3,3
u1793326.mp3,3
u156778.mp3,3
u36745.mp3,3
u651475.mp3,3
u1807974.mp3,3
u554791.mp3,3
u81749.mp3,3
u1771122.mp3,3
u190294.mp3,3
u993907.mp3,3
u1060675.mp3,3
u1316878.mp3,3
u1787041.mp3,3
u2016310.mp3,3
u880966.mp3,3
u1124150.mp3,3
u665294.mp3,3
u848060.mp3,3
u1778423.mp3,3
u517558.mp3,3
u1688704.mp3,3
u479729.mp3,3
u1738666.mp3,3
u1082894.mp3,3
20741.mp3,3
u1797734.mp3,3
u1560549.mp3,3
u1765272.mp3,3
u274822.mp3,3
u1913092.mp3,3
u1816535.mp3,3
u524355.mp3,3
u515035.mp3,3
u1086490.mp3,3
u1456280.mp3,3
u398664.mp3,3
u1408917.mp3,3
u1900126.mp3,3
u1860390.mp3,3
u1798306.mp3,3
u1116061.mp3,3
u1436838.mp3,3
u642465.mp3,3
u1096605.mp3,3
u495559.mp3,3
u1959131.mp3,3
u595270.mp3,3
u963382.mp3,3
7357.mp3,3
u874075.mp3,3
u1460821.mp3,3
u1167926.mp3,3
u670784.mp3,3
u1991681.mp3,3
u930566.mp3,3
u998307.mp3,3
u1093128.mp3,3
u988018.mp3,3
u1730733.mp3,3
u685509.mp3,3
u1572466.mp3,3
u1945771.mp3,3
u298199.mp3,3
u1992644.mp3,3
u930894.mp3,3
u1017072.mp3,3
6646.mp3,3
u571339.mp3,3
u1127502.mp3,3
u260565.mp3,3
u489841.mp3,3
u1343592.mp3,3
u1771014.mp3,3
u1620800.mp3,3
u744148.mp3,3
u1551568.mp3,3
u1453859.mp3,3
u1498181.mp3,3
u1460837.mp3,3
u2004923.mp3,3
u1766327.mp3,3
u760486.mp3,3
u1238104.mp3,3
u1184531.mp3,3
u312854.mp3,3
u1788631.mp3,3
u734586.mp3,3
u1893608.mp3,3
u1990040.mp3,3
u1501176.mp3,3
u1197652.mp3,3
u907343.mp3,3
u1993386.mp3,3
u257336.mp3,3
u819127.mp3,3
u1415150.mp3,3
u1312999.mp3,3
u1900423.mp3,3
u753143.mp3,3
u1793847.mp3,3
u1392465.mp3,3
u1842549.mp3,3
u1590069.mp3,3
u1038416.mp3,3
u1600472.mp3,3
u918984.mp3,3
u1788610.mp3,3
u1709185.mp3,3
u29129.mp3,3
u9070.mp3,3
u519088.mp3,3
u375327.mp3,3
u1173028.mp3,3
u1955480.mp3,3
u1399533.mp3,3
u558150.mp3,3
u523353.mp3,3
17662.mp3,3
21127.mp3,3
u424775.mp3,3
u1036882.mp3,3
11523.mp3,3
u469034.mp3,3
u1388905.mp3,3
u931954.mp3,3
u816971.mp3,3
u1426600.mp3,3
u653845.mp3,3
u1759252.mp3,3
14577.mp3,3
u1690055.mp3,3
u1975825.mp3,3
u1493908.mp3,3
u196235.mp3,3
u501602.mp3,3
u873840.mp3,3
u2034371.mp3,3
u550337.mp3,3
u607852.mp3,3
u1957865.mp3,3
u1315199.mp3,3
u287520.mp3,3
u917000.mp3,3
u1974542.mp3,3
u485236.mp3,3
u23612.mp3,3
u724931.mp3,3
u1315023.mp3,3
u1157482.mp3,3
u1459707.mp3,3
u119745.mp3,3
u1744278.mp3,3
u1820852.mp3,3
u699470.mp3,3
u1495475.mp3,3
u758773.mp3,3
u160718.mp3,3
u1134707.mp3,3
u1765016.mp3,3
u950541.mp3,3
u1246898.mp3,3
u806878.mp3,3
u838141.mp3,3
u1782136.mp3,3
u1982314.mp3,3
4642.mp3,3
u515609.mp3,3
u1896645.mp3,3
u1001153.mp3,3
u891301.mp3,3
u1904815.mp3,3
11353.mp3,3
u1302718.mp3,3
u1057839.mp3,3
u1308884.mp3,3
u1023911.mp3,3
u1732274.mp3,3
u1983871.mp3,3
u858542.mp3,3
u1575397.mp3,3
u1061460.mp3,3
u631581.mp3,3
u248136.mp3,3
u884573.mp3,3
u1861929.mp3,3
u263390.mp3,3
u2031810.mp3,3
u15124.mp3,3
u430441.mp3,3
u364757.mp3,3
u576942.mp3,3
u529907.mp3,3
u674780.mp3,3
u1797142.mp3,3
u1965190.mp3,3
u1567563.mp3,3
u1876944.mp3,3
u836265.mp3,3
u939298.mp3,3
u354060.mp3,3
u886030.mp3,3
u1259720.mp3,3
u1517670.mp3,3
u239194.mp3,3
u165103.mp3,3
u260228.mp3,3
u1940641.mp3,3
u889416.mp3,3
u1260599.mp3,3
u495126.mp3,3
u428303.mp3,3
u1118409.mp3,3
u1753608.mp3,3
u1056839.mp3,3
u1687468.mp3,3
u813581.mp3,3
u1197077.mp3,3
5455.mp3,3
u1882289.mp3,3
u1893775.mp3,3
14154.mp3,3
u806903.mp3,3
u1007918.mp3,3
u781552.mp3,3
u977169.mp3,3
u1254853.mp3,3
u1406694.mp3,3
u1787877.mp3,3
u1789157.mp3,3
u103119.mp3,3
u1467774.mp3,3
u1069131.mp3,3
u1501889.mp3,3
u809560.mp3,3
u890374.mp3,3
u2021079.mp3,3
u1048650.mp3,3
u1359250.mp3,3
u1163620.mp3,3
u486239.mp3,3
u449605.mp3,3
u1790452.mp3,3
u1683862.mp3,3
u1768004.mp3,3
u1594151.mp3,3
u1369352.mp3,3
u1531611.mp3,3
u1033636.mp3,3
u1398101.mp3,3
u1713088.mp3,3
u1689808.mp3,3
u1311113.mp3,3
u583722.mp3,3
u157791.mp3,3
u708377.mp3,3
3349.mp3,3
u15845.mp3,3
u17972.mp3,3
u717143.mp3,3
u1575149.mp3,3
u1315840.mp3,3
u2017965.mp3,3
u9500.mp3,3
u1240509.mp3,3
u1875190.mp3,3
u2018517.mp3,3
u427024.mp3,3
u1358000.mp3,3
u1020572.mp3,3
u467355.mp3,3
13526.mp3,3
u1856649.mp3,3
u1196847.mp3,3
u1700473.mp3,3
u1965200.mp3,3
u1392084.mp3,3
u1469797.mp3,3
u1115277.mp3,3
u1924727.mp3,3
u1035723.mp3,3
u1531039.mp3,3
u1832426.mp3,3
u1726777.mp3,3
u475534.mp3,3
u2015866.mp3,3
u1134818.mp3,3
u231661.mp3,3
u1836084.mp3,3
u1789364.mp3,3
u1746410.mp3,3
u982402.mp3,3
u1884749.mp3,3
u1553126.mp3,3
u934722.mp3,3
u1489449.mp3,3
u735019.mp3,3
u622213.mp3,3
u1930665.mp3,3
u1875362.mp3,3
u1091776.mp3,3
u300838.mp3,3
u309193.mp3,3
u503316.mp3,3
u2023168.mp3,3
u269944.mp3,3
u1019561.mp3,3
u1806370.mp3,3
u608134.mp3,3
u1636863.mp3,3
u784084.mp3,3
u2017776.mp3,3
u506530.mp3,3
u606985.mp3,3
u1217079.mp3,3
u269866.mp3,3
u1871190.mp3,3
u1180181.mp3,3
u932838.mp3,3
u431646.mp3,3
u816384.mp3,3
u1319787.mp3,3
u1791575.mp3,3
u1875277.mp3,3
u1388683.mp3,3
u1980934.mp3,3
u1830797.mp3,3
u1309556.mp3,3
u1678161.mp3,3
u586681.mp3,3
u507634.mp3,3
u400361.mp3,3
u918834.mp3,3
u1790862.mp3,3
u267781.mp3,3
u1756958.mp3,3
u1585710.mp3,3
u2002528.mp3,3
u737350.mp3,3
17887.mp3,3
u488658.mp3,3
u1462699.mp3,3
u1253652.mp3,3
u1162867.mp3,3
u1192807.mp3,3
9477.mp3,3
u1649037.mp3,3
u1186201.mp3,3
u856028.mp3,3
u1565665.mp3,3
18626.mp3,3
u466298.mp3,3
u1516423.mp3,3
u1224192.mp3,3
u1653975.mp3,3
u1235375.mp3,3
u260378.mp3,3
u965314.mp3,3
u1468998.mp3,3
u1857443.mp3,3
u783806.mp3,3
u1692317.mp3,3
tr2550.mp3,4
tr3182.mp3,4
tr20996.mp3,4
43402.mp3,4
tr6105.mp3,4
16166.mp3,4
tr6261.mp3,4
27832.mp3,4
tr5019.mp3,4
tr17723.mp3,4
11001.mp3,4
tr21043.mp3,4
68593.mp3,4
tr17730.mp3,4
tr1147.mp3,4
tr8239.mp3,4
tr6525.mp3,4
68189.mp3,4
52809.mp3,4
tr6726.mp3,4
tr18096.mp3,4
72378.mp3,4
tr5258.mp3,4
tr19799.mp3,4
29497.mp3,4
tr2933.mp3,4
tr14326.mp3,4
tr10985.mp3,4
43113.mp3,4
tr17602.mp3,4
50712.mp3,4
13645.mp3,4
23708.mp3,4
22624.mp3,4
tr5849.mp3,4
62813.mp3,4
tr13249.mp3,4
tr17629.mp3,4
35070.mp3,4
tr11264.mp3,4
1259.mp3,4
tr12815.mp3,4
73500.mp3,4
tr1074.mp3,4
tr18928.mp3,4
10743.mp3,4
tr6056.mp3,4
tr5984.mp3,4
34191.mp3,4
tr21690.mp3,4
tr3683.mp3,4
tr10204.mp3,4
tr7674.mp3,4
tr5242.mp3,4
tr10536.mp3,4
15702.mp3,4
tr14099.mp3,4
37525.mp3,4
tr12008.mp3,4
tr6243.mp3,4
tr21764.mp3,4
tr21607.mp3,4
9049.mp3,4
tr7456.mp3,4
tr5076.mp3,4
tr6430.mp3,4
19018.mp3,4
tr6721.mp3,4
tr9102.mp3,4
10121.mp3,4
tr8245.mp3,4
tr12221.mp3,4
tr3011.mp3,4
tr15171.mp3,4
70826.mp3,4
tr15995.mp3,4
tr18794.mp3,4
tr3353.mp3,4
tr2410.mp3,4
tr8005.mp3,4
9399.mp3,4
21489.mp3,5
7392.mp3,5
7778.mp3,5
ve44.mp3,5
ve475.mp3,5
16202.mp3,5
13201.mp3,5
18337.mp3,5
10870.mp3,5
10541.mp3,5
4028.mp3,5
ve2199.mp3,5
9839.mp3,5
7069.mp3,5
11885.mp3,5
14239.mp3,5
14525.mp3,5
12038.mp3,5
11078.mp3,5
20621.mp3,5
12861.mp3,5
ve2647.mp3,5
19180.mp3,5
6824.mp3,5
ve517.mp3,5
13086.mp3,5
16549.mp3,5
6721.mp3,5
16112.mp3,5
7673.mp3,5
10008.mp3,5
5119.mp3,5
14452.mp3,5
13047.mp3,5
3930.mp3,5
7894.mp3,5
21700.mp3,5
16218.mp3,5
8599.mp3,5
18981.mp3,5
10615.mp3,5
5572.mp3,5
7436.mp3,5
10406.mp3,5
6288.mp3,5
13285.mp3,5
11970.mp3,5
12413.mp3,5
21399.mp3,5
16542.mp3,5
14438.mp3,5
4196.mp3,5
19796.mp3,5
16138.mp3,5
ve2617.mp3,5
5027.mp3,5
7463.mp3,5
19946.mp3,5
3645.mp3,5
15009.mp3,5
21876.mp3,5
3752.mp3,5
9570.mp3,5
4915.mp3,5
ve1148.mp3,5
3526.mp3,5
18840.mp3,5
ve788.mp3,5
16934.mp3,5
20099.mp3,5
3870.mp3,5
ve1011.mp3,5
ve2128.mp3,5
12445.mp3,5
17459.mp3,5
4351.mp3,5
ve1490.mp3,5
ve435.mp3,5
16651.mp3,5
3200.mp3,5
6538.mp3,5
22022.mp3,5
5528.mp3,5
ve2584.mp3,5
22157.mp3,5
ve708.mp3,5
18227.mp3,5
20523.mp3,5
18268.mp3,5
5984.mp3,5
10137.mp3,5
19979.mp3,5
ve1589.mp3,5
9102.mp3,5
6003.mp3,5
13054.mp3,5
5162.mp3,5
3397.mp3,5
15018.mp3,5
4308.mp3,5
ve2758.mp3,5
17322.mp3,5
3149.mp3,5
13604.mp3,5
17291.mp3,5
15336.mp3,5
21830.mp3,5
4665.mp3,5
17897.mp3,5
7423.mp3,5
6071.mp3,5
21748.mp3,5
4306.mp3,5
17487.mp3,5
8846.mp3,5
13364.mp3,5
10420.mp3,5
ve554.mp3,5
17102.mp3,5
7395.mp3,5
6035.mp3,5
11793.mp3,5
4198.mp3,5
ve1223.mp3,5
14293.mp3,5
21687.mp3,5
10017.mp3,5
8082.mp3,5
ve1112.mp3,5
15757.mp3,5
ve2408.mp3,5
14447.mp3,5
12753.mp3,5
4065.mp3,5
16283.mp3,5
20558.mp3,5
3184.mp3,5
21008.mp3,5
15325.mp3,5
3030.mp3,5
13720.mp3,5
7076.mp3,5
13355.mp3,5
5496.mp3,5
20107.mp3,5
20439.mp3,5
20588.mp3,5
17097.mp3,5
10464.mp3,5
5076.mp3,5
16309.mp3,5
17844.mp3,5
11003.mp3,5
9993.mp3,5
9540.mp3,5
21833.mp3,5
12559.mp3,5
8522.mp3,5
9797.mp3,5
21717.mp3,5
7236.mp3,5
19078.mp3,5
16386.mp3,5
11805.mp3,5
20856.mp3,5
5019.mp3,5
16668.mp3,5
18594.mp3,5
3250.mp3,5
6948.mp3,5
12086.mp3,5
9227.mp3,5
8016.mp3,5
4491.mp3,5
5605.mp3,5
3683.mp3,5
15117.mp3,5
6977.mp3,5
12363.mp3,5
14850.mp3,5
19077.mp3,5
18495.mp3,5
14401.mp3,5
10714.mp3,5
15957.mp3,5
20291.mp3,5
4092.mp3,5
3851.mp3,5
ve2258.mp3,5
8233.mp3,5
ve1853.mp3,5
7609.mp3,5
15489.mp3,5
14643.mp3,5
4937.mp3,5
14744.mp3,5
ve2594.mp3,5
9581.mp3,5
ve1448.mp3,5
21499.mp3,5
20308.mp3,5
9815.mp3,5
ve1226.mp3,5
ve1407.mp3,5
10528.mp3,5
4565.mp3,5
16892.mp3,5
ve1586.mp3,5
18878.mp3,5
ve2536.mp3,5
ve612.mp3,5
ve458.mp3,5
5124.mp3,5
8436.mp3,5
10536.mp3,5
15422.mp3,5
8960.mp3,5
7496.mp3,5
15739.mp3,5
7617.mp3,5
7523.mp3,5
11861.mp3,5
ve753.mp3,5
15879.mp3,5
15553.mp3,5
5452.mp3,5
16167.mp3,5
16054.mp3,5
4969.mp3,5
21978.mp3,5
5106.mp3,5
20931.mp3,5
10738.mp3,5
3621.mp3,5
ve2190.mp3,5
4735.mp3,5
10151.mp3,5
17778.mp3,5
10794.mp3,5
3895.mp3,5
ve2072.mp3,5
6114.mp3,5
15093.mp3,5
21758.mp3,5
14124.mp3,5
10330.mp3,5
4989.mp3,5
12098.mp3,5
11537.mp3,5
ve2035.mp3,5
ve743.mp3,5
7101.mp3,5
7874.mp3,5
17917.mp3,5
4801.mp3,5
14299.mp3,5
4534.mp3,5
ve73.mp3,5
5672.mp3,5
18123.mp3,5
20103.mp3,5
3365.mp3,5
ve2756.mp3,5
11507.mp3,5
14054.mp3,5
19268.mp3,5
20929.mp3,5
10674.mp3,5
8713.mp3,5
20894.mp3,5
10250.mp3,5
10309.mp3,5
9427.mp3,5
20226.mp3,5
7921.mp3,5
4345.mp3,5
15623.mp3,5
18325.mp3,5
ve800.mp3,5
12609.mp3,5
16503.mp3,5
3353.mp3,5
16928.mp3,5
4769.mp3,5
8123.mp3,5
3483.mp3,5
11458.mp3,5
5322.mp3,5
6413.mp3,5
18715.mp3,5
21808.mp3,5
ve119.mp3,5
9915.mp3,5
15303.mp3,5
ve1195.mp3,5
ve2894.mp3,5
ve1357.mp3,5
11057.mp3,5
11799.mp3,5
ve1470.mp3,5
13580.mp3,5
21415.mp3,5
15267.mp3,5
17427.mp3,5
7273.mp3,5
12656.mp3,5
15734.mp3,5
6501.mp3,5
7407.mp3,5
14086.mp3,5
9198.mp3,5
ve817.mp3,5
12129.mp3,5
6772.mp3,5
10263.mp3,5
17780.mp3,5
15262.mp3,5
3303.mp3,5
3955.mp3,5
17081.mp3,5
3115.mp3,5
15981.mp3,5
6056.mp3,5
19049.mp3,5
8563.mp3,5
20459.mp3,5
14352.mp3,5
16245.mp3,5
15995.mp3,5
10985.mp3,5
7520.mp3,5
15685.mp3,5
20121.mp3,5
16806.mp3,5
ve560.mp3,5
14446.mp3,5
11239.mp3,5
21750.mp3,5
5242.mp3,5
3291.mp3,5
4551.mp3,5
ve1449.mp3,5
11977.mp3,5
3258.mp3,5
13864.mp3,5
ve1904.mp3,5
ve1504.mp3,5
9919.mp3,5
6940.mp3,5
8278.mp3,5
8147.mp3,5
3388.mp3,5
7456.mp3,5
4947.mp3,5
8937.mp3,5
12755.mp3,5
18250.mp3,5
8518.mp3,5
ve815.mp3,5
20647.mp3,5
13935.mp3,5
3065.mp3,5
6808.mp3,5
ve1072.mp3,5
11302.mp3,5
10204.mp3,5
ve60.mp3,5
21716.mp3,5
6243.mp3,5
21407.mp3,5
20317.mp3,5
17847.mp3,5
17981.mp3,5
21047.mp3,5
18763.mp3,5
18772.mp3,5
5629.mp3,5
21622.mp3,5
17130.mp3,5
8263.mp3,5
14469.mp3,5
4238.mp3,5
7135.mp3,5
20704.mp3,5
18008.mp3,5
21954.mp3,5
19382.mp3,5
9597.mp3,5
10165.mp3,5
4250.mp3,5
ve626.mp3,5
11493.mp3,5
19610.mp3,5
19831.mp3,5
21691.mp3,5
4641.mp3,5
21885.mp3,5
5039.mp3,5
21963.mp3,5
9762.mp3,5
7470.mp3,5
21690.mp3,5
12008.mp3,5
18101.mp3,5
20935.mp3,5
6300.mp3,5
9640.mp3,5
17995.mp3,5
4880.mp3,5
6161.mp3,5
10616.mp3,5
13543.mp3,5
4578.mp3,5
ve2933.mp3,5
22130.mp3,5
5773.mp3,5
9851.mp3,5
4580.mp3,5
16827.mp3,5
21332.mp3,5
11839.mp3,5
4102.mp3,5
11202.mp3,5
11565.mp3,5
13368.mp3,5
3002.mp3,5
ve976.mp3,5
13778.mp3,5
7692.mp3,5
17111.mp3,5
15299.mp3,5
13263.mp3,5
13770.mp3,5
14581.mp3,5
ve25.mp3,5
6497.mp3,5
14939.mp3,5
20970.mp3,5
ve2792.mp3,5
10021.mp3,5
ve1752.mp3,5
ve896.mp3,5
11677.mp3,5
9774.mp3,5
11684.mp3,5
ve1177.mp3,5
18135.mp3,5
8783.mp3,5
10910.mp3,5
ve375.mp3,5
6484.mp3,5
21465.mp3,5
9664.mp3,5
15578.mp3,5
ve1924.mp3,5
ve259.mp3,5
4271.mp3,5
21735.mp3,5
8511.mp3,5
19251.mp3,5
11233.mp3,5
15630.mp3,5
3642.mp3,5
6493.mp3,5
ve373.mp3,5
7694.mp3,5
18644.mp3,5
20564.mp3,5
3958.mp3,5
8840.mp3,5
12959.mp3,5
21508.mp3,5
6270.mp3,5
4819.mp3,5
17222.mp3,5
9099.mp3,5
ve1919.mp3,5
5313.mp3,5
ve1676.mp3,5
10513.mp3,5
12156.mp3,5
7433.mp3,5
21702.mp3,5
12957.mp3,5
5393.mp3,5
ve1839.mp3,5
5603.mp3,5
18244.mp3,5
18430.mp3,5
ve1074.mp3,5
13304.mp3,5
ve820.mp3,5
ve1316.mp3,5
3026.mp3,5
17730.mp3,5
19999.mp3,5
5002.mp3,5
12108.mp3,5
4047.mp3,5
19611.mp3,5
17276.mp3,5
13764.mp3,5
ve2410.mp3,5
13671.mp3,5
21198.mp3,5
3536.mp3,5
17961.mp3,5
5963.mp3,5
7045.mp3,5
8916.mp3,5
3285.mp3,5
15049.mp3,5
15716.mp3,5
21007.mp3,5
20844.mp3,5
19338.mp3,5
8732.mp3,5
21471.mp3,5
ve434.mp3,5
14865.mp3,5
5765.mp3,5
5429.mp3,5
ve2918.mp3,5
12274.mp3,5
11113.mp3,5
5147.mp3,5
7555.mp3,5
ve2684.mp3,5
ve1741.mp3,5
ve2940.mp3,5
10027.mp3,5
12527.mp3,5
15916.mp3,5
9434.mp3,5
15674.mp3,5
6083.mp3,5
15542.mp3,5
12557.mp3,5
4386.mp3,5
8525.mp3,5
3452.mp3,5
14105.mp3,5
20921.mp3,5
16847.mp3,5
18875.mp3,5
3058.mp3,5
18044.mp3,5
4190.mp3,5
19925.mp3,5
17531.mp3,5
7210.mp3,5
16856.mp3,5
9035.mp3,5
8692.mp3,5
9931.mp3,5
ve1392.mp3,5
4828.mp3,5
12397.mp3,5
18978.mp3,5
4138.mp3,5
7652.mp3,5
ve2811.mp3,5
16181.mp3,5
7597.mp3,5
5618.mp3,5
4204.mp3,5
17803.mp3,5
ve661.mp3,5
ve2147.mp3,5
5628.mp3,5
ve644.mp3,5
ve59.mp3,5
8358.mp3,5
7776.mp3,5
14696.mp3,5
16890.mp3,5
4075.mp3,5
ve2414.mp3,5
17919.mp3,5
6030.mp3,5
5599.mp3,5
16209.mp3,5
ve1348.mp3,5
ve915.mp3,5
ve1406.mp3,5
9780.mp3,5
5037.mp3,5
20315.mp3,5
5311.mp3,5
7532.mp3,5
ve2747.mp3,5
14864.mp3,5
10337.mp3,5
18541.mp3,5
5387.mp3,5
5732.mp3,5
16416.mp3,5
18166.mp3,5
12034.mp3,5
4724.mp3,5
12221.mp3,5
12785.mp3,5
9591.mp3,5
7265.mp3,5
3107.mp3,5
11385.mp3,5
9875.mp3,5
19998.mp3,5
ve1531.mp3,5
ve315.mp3,5
11621.mp3,5
11264.mp3,5
18384.mp3,5
5415.mp3,5
4738.mp3,5
8121.mp3,5
9701.mp3,5
14379.mp3,5
20456.mp3,5
4792.mp3,5
7111.mp3,5
5964.mp3,5
13230.mp3,5
14856.mp3,5
19554.mp3,5
20433.mp3,5
7929.mp3,5
21629.mp3,5
22156.mp3,5
7823.mp3,5
13311.mp3,5
ve344.mp3,5
3531.mp3,5
13450.mp3,5
18226.mp3,5
13382.mp3,5
13539.mp3,5
21043.mp3,5
12734.mp3,5
7241.mp3,5
5704.mp3,5
4423.mp3,5
ve650.mp3,5
15754.mp3,5
ve1826.mp3,5
20445.mp3,5
13061.mp3,5
20916.mp3,5
4816.mp3,5
14734.mp3,5
ve336.mp3,5
8624.mp3,5
ve2567.mp3,5
16871.mp3,5
ve487.mp3,5
9624.mp3,5
7689.mp3,5
14031.mp3,5
9576.mp3,5
3223.mp3,5
8604.mp3,5
14306.mp3,5
5445.mp3,5
5252.mp3,5
6352.mp3,5
5999.mp3,5
18639.mp3,5
11393.mp3,5
10409.mp3,5
12815.mp3,5
7897.mp3,5
17259.mp3,5
13249.mp3,5
8250.mp3,5
4942.mp3,5
10241.mp3,5
21316.mp3,5
16537.mp3,5
18723.mp3,5
ve700.mp3,5
ve631.mp3,5
11608.mp3,5
16733.mp3,5
4029.mp3,5
4705.mp3,5
14418.mp3,5
18917.mp3,5
21607.mp3,5
10141.mp3,5
10002.mp3,5
ve2550.mp3,5
19311.mp3,5
ve166.mp3,5
10324.mp3,5
ve570.mp3,5
ve2762.mp3,5
5258.mp3,5
ve632.mp3,5
4309.mp3,5
ve1736.mp3,5
18436.mp3,5
14122.mp3,5
5395.mp3,5
17446.mp3,5
11924.mp3,5
18093.mp3,5
6471.mp3,5
18506.mp3,5
15169.mp3,5
3481.mp3,5
ve1279.mp3,5
12169.mp3,5
6450.mp3,5
ve754.mp3,5
11870.mp3,5
7849.mp3,5
16492.mp3,5
16574.mp3,5
ve744.mp3,5
11259.mp3,5
17647.mp3,5
17629.mp3,5
6719.mp3,5
ve1799.mp3,5
8503.mp3,5
18447.mp3,5
3272.mp3,5
9969.mp3,5
ve447.mp3,5
8660.mp3,5
6151.mp3,5
19608.mp3,5
15751.mp3,5
3532.mp3,5
11804.mp3,5
4579.mp3,5
20066.mp3,5
13414.mp3,5
13291.mp3,5
5312.mp3,5
4202.mp3,5
4005.mp3,5
13373.mp3,5
14190.mp3,5
13238.mp3,5
8875.mp3,5
17993.mp3,5
ve1341.mp3,5
15703.mp3,5
ve1905.mp3,5
16452.mp3,5
ve2005.mp3,5
17252.mp3,5
21031.mp3,5
16584.mp3,5
19358.mp3,5
15532.mp3,5
9344.mp3,5
20441.mp3,5
5102.mp3,5
11701.mp3,5
19886.mp3,5
6016.mp3,5
16996.mp3,5
ve139.mp3,5
10146.mp3,5
9711.mp3,5
ve2380.mp3,5
ve1632.mp3,5
ve83.mp3,5
9880.mp3,5
9678.mp3,5
21626.mp3,5
19783.mp3,5
5849.mp3,5
6430.mp3,5
21413.mp3,5
